"username00@kenzan.com",130188115188,"password00",40f4a0f2-bda9-446b-8f63-ac33dd74ac34
"username01@kenzan.com",1158443452960,"password01",cbf392ea-47a2-4069-83e9-62ab2e740b84
"username02@kenzan.com",1404403337151,"password02",bd87f70c-fe9f-4970-925f-afdb8243c580
"username03@kenzan.com",401970670269,"password03",748ae2ee-48ae-4197-9b73-84810bfaf5f5
"username04@kenzan.com",874273284657,"password04",170d2d3f-87f2-42cd-9bde-425f26b345a4
"username05@kenzan.com",276283633559,"password05",39781f60-d818-41a5-b097-54e0238eb94f
"username06@kenzan.com",580771026153,"password06",a4957b6f-f6a5-40f6-b9df-5612db341f23
"username07@kenzan.com",599995771373,"password07",a93d6c53-b904-4959-8203-c9d68c70f34b
"username08@kenzan.com",380588391174,"password08",321d5fe0-baeb-4ca7-bb3a-fbde58e7103f
"username09@kenzan.com",503800669834,"password09",2ce1513d-40d1-412a-a11e-bac6497c6ab6
"username10@kenzan.com",1338544564675,"password10",9f5e74bd-0371-4a70-9a74-b27d6affee92
"username11@kenzan.com",1429978230172,"password11",3cb49c18-96bb-47e5-b7c0-f62e48f8b8b5
"username12@kenzan.com",624520225023,"password12",d832434f-baba-46b4-9ad4-65ab95ea3209
"username13@kenzan.com",79315667421,"password13",42892ea5-feb0-419b-afa6-9b9b7c631745
"username14@kenzan.com",882554834643,"password14",31f77200-da22-49da-9158-f9494a52e9a3
"username15@kenzan.com",573324030062,"password15",63bb6f84-96c7-469b-aa8a-f141259e478e
"username16@kenzan.com",790146302125,"password16",1470464a-9858-4250-b13a-e69eca693186
"username17@kenzan.com",800485906801,"password17",4e81edf4-9fef-4128-bf95-81aadfc3cdfb
"username18@kenzan.com",105153399718,"password18",eb078647-c223-4a7c-8c1f-28705d301819
"username19@kenzan.com",1265829727127,"password19",35012e57-b318-4fcf-bc8e-0c2ba41321fc
"username20@kenzan.com",362708203298,"password20",9fa4a187-931f-4818-8b22-61a1aa2be343
"username21@kenzan.com",1395637989492,"password21",20b2df3a-f54c-4ef8-ae33-a28b10ca7dd5
"username22@kenzan.com",377998985472,"password22",11bb6ed2-8975-49da-8dbc-7f23e3bf8a88
"username23@kenzan.com",56694310426,"password23",5454a1e3-f590-46f8-a222-3c2952adc60c
"username24@kenzan.com",330379734398,"password24",f8a40561-dded-4c95-9f82-d6eb9898943b
"username25@kenzan.com",403868936018,"password25",dbdc01b9-ac3d-403e-aa3b-fc59da43c081
"username26@kenzan.com",1007437317809,"password26",79f0c33e-2128-4b98-8489-0ed7f6ab44e7
"username27@kenzan.com",113756778129,"password27",9f7fe535-16e9-455c-9509-15fde4c27c2a
"username28@kenzan.com",120531049710,"password28",34091cb3-a335-46eb-8aa4-f1a51f22f056
"username29@kenzan.com",578434684509,"password29",d8026cda-3cc9-43d9-b2ae-348171058e49
"username30@kenzan.com",1062512415484,"password30",c7a967d3-9d4e-4f0e-80c9-411da14415e4
"username31@kenzan.com",1265849041857,"password31",d1c2ae49-520c-4b93-a924-caf4a5134632
"username32@kenzan.com",393256582222,"password32",f86d9ffb-7053-4690-964e-a7268319c8b3
"username33@kenzan.com",589828523527,"password33",7eb48aa4-841b-40ec-8182-8e07b70e01dd
"username34@kenzan.com",54733261471,"password34",24541bcf-765c-4155-aeac-9674e26e059a
"username35@kenzan.com",851828598406,"password35",5b980541-dc59-4694-a887-42a92fe6321c
"username36@kenzan.com",1414139198191,"password36",5d8eb9ae-54c3-4916-a331-4d7f0e588144
"username37@kenzan.com",1117022552278,"password37",01abd5ef-65f3-4cec-8fae-4df95f1c83f3
"username38@kenzan.com",55289018402,"password38",57b493b7-bf13-4e4b-b050-48eca3753be1
"username39@kenzan.com",241120721250,"password39",63883460-70d8-4a44-818f-83259f300f86
"username40@kenzan.com",408856830381,"password40",9347c407-d789-48ad-910a-4fac69581454
"username41@kenzan.com",37616651632,"password41",414f391c-8ebd-4485-9ac2-905e42f1fd2b
"username42@kenzan.com",876394595443,"password42",3260bf19-c80b-44f0-b24e-37c094dca278
"username43@kenzan.com",578944686343,"password43",aba61f94-4307-4fbb-ae05-cd680ebc637f
"username44@kenzan.com",1206157290172,"password44",85e898e0-c329-47f7-b43f-593f73f1e147
"username45@kenzan.com",475149386748,"password45",7a10686f-505d-4b55-ad0e-50997578ca57
"username46@kenzan.com",881742538536,"password46",8ad890f6-be4a-4f1f-95de-c679972a7590
"username47@kenzan.com",995562403698,"password47",103b1c79-6e51-4446-b902-4968b533fc1f
"username48@kenzan.com",271802425194,"password48",515bbaa5-feed-4317-a220-82bf58c3493d
"username49@kenzan.com",626955607794,"password49",cdef1067-c5a1-4e29-9699-c5ac91da1c80
"username50@kenzan.com",390764349050,"password50",f1fdd7bf-00dd-47d9-8a1c-307bf0accb08
"username51@kenzan.com",206175744612,"password51",81f072c9-d381-4b15-8034-f370a84a23e4
"username52@kenzan.com",39354053845,"password52",8502efb4-1582-401e-9f41-7b79e722f452
"username53@kenzan.com",1271481347305,"password53",0cb1ead1-bf9c-4041-a606-39ec5a33052d
"username54@kenzan.com",553281766345,"password54",4dec2a18-0121-4997-9974-626cdb7df8b2
"username55@kenzan.com",535475904797,"password55",44abe141-a34a-42b9-b80c-adf076b0ca67
"username56@kenzan.com",3849426277,"password56",6115669a-b3df-4677-9fe7-b792adc5b3ab
"username57@kenzan.com",825463294002,"password57",73c7884a-d9aa-4eb2-bd0c-e7a4e1396e2a
"username58@kenzan.com",907322964896,"password58",d3339635-016b-434c-89a9-ecd9fe11ac0d
"username59@kenzan.com",87079305045,"password59",0c772fff-47c1-48d9-b3ea-c391f645e374
"username60@kenzan.com",1118588126282,"password60",aecf885b-9bc5-4f0b-ac11-e4ae59af350b
"username61@kenzan.com",691107252186,"password61",700e29f7-1afd-4d90-a09c-9c71474de68f
"username62@kenzan.com",296071445417,"password62",5d973572-901d-46d0-a20b-228ae8bbe72c
"username63@kenzan.com",1022959328026,"password63",d04f3127-1fba-403f-b90a-68984e52b838
"username64@kenzan.com",548801543937,"password64",3aebe326-e2f7-4c58-a73b-2be9e2514660
"username65@kenzan.com",1357241194733,"password65",4aa7028f-bd99-4d1d-942f-5cb2c4d365e5
"username66@kenzan.com",1322268989799,"password66",92823bb4-919c-41e5-873c-76eddd5a70ad
"username67@kenzan.com",1008520820869,"password67",793ad7dd-786d-477d-9378-bd752bcc1d20
"username68@kenzan.com",778992141469,"password68",fe3eb652-5100-4c69-ae88-c721af895996
"username69@kenzan.com",1201935270528,"password69",41cbd511-d616-4406-8c6c-7df43fc4cec4
"username70@kenzan.com",779501002146,"password70",7114fc56-0bed-401e-b747-c08fb10a4caf
"username71@kenzan.com",876183521078,"password71",6b59981b-4d1c-4b90-b00b-b4b93cc0072b
"username72@kenzan.com",1223428637568,"password72",6fe5b918-e302-47a8-8c8c-3ea0a807275d
"username73@kenzan.com",156761242725,"password73",b4d62f55-0281-4f9a-baca-8122085a7948
"username74@kenzan.com",516344304605,"password74",64f42d49-196e-460e-ab46-5a1ebc296cad
"username75@kenzan.com",1105903641847,"password75",f21ba453-24a9-4b50-9d2d-aaa90dc25c1f
"username76@kenzan.com",264025532171,"password76",06cf79a1-17b4-4565-8073-a0b4ffba3fb4
"username77@kenzan.com",105015723183,"password77",c9408ecf-ff90-4808-94b9-d9dc2fa07877
"username78@kenzan.com",1302399765041,"password78",d9fc1bc2-7691-4997-ad4b-064d05dd6b7c
"username79@kenzan.com",1419906991365,"password79",0b543d6e-967a-4801-bfdd-f7516995055d
"username80@kenzan.com",1360754162091,"password80",4fddad11-8f56-496c-946d-66437ed0eeaa
"username81@kenzan.com",570845287260,"password81",5cbce387-f68f-4654-9dec-c95eee48e371
"username82@kenzan.com",1289180788588,"password82",291a3f73-e2a7-4571-a71f-4636d19f1b21
"username83@kenzan.com",15885925020,"password83",21abfde6-9641-47e8-83ec-1784ebacc518
"username84@kenzan.com",665175347890,"password84",9cf26820-ff5f-42b0-a23a-3c1e6e50fed2
"username85@kenzan.com",264623932594,"password85",526140eb-e1d3-43d4-8b8a-18dfebfc4092
"username86@kenzan.com",917821709652,"password86",a11cdf20-1f74-477f-82c6-ec21e2f263e4
"username87@kenzan.com",539051228169,"password87",5da3f066-b19b-4417-b14a-1d3ba9cf9a52
"username88@kenzan.com",941354860037,"password88",0f31d2da-70c8-4375-a8d2-7028066f65c6
"username89@kenzan.com",348337468920,"password89",642f6fed-a41a-4c22-ac25-21167977d60d
"username90@kenzan.com",616301445249,"password90",db47a2bc-588b-4f06-823c-18cf0319f2f9
"username91@kenzan.com",102446425462,"password91",200783b1-8131-495c-a712-154e92fc72ce
"username92@kenzan.com",26317527172,"password92",b6308f70-ffe2-41f2-b298-0c4a802de4ef
"username93@kenzan.com",275178563379,"password93",e9cfc9ac-05a7-42b6-bdd1-e0ad8a651503
"username94@kenzan.com",1297326226031,"password94",320ab7f9-c982-4f0d-b2c4-376d37bfe3fd
"username95@kenzan.com",483310091502,"password95",14bb86c4-7fa2-428a-9009-53231f8d2081
"username96@kenzan.com",1196665680889,"password96",0965e6f5-e36a-4580-9d2f-5f961892b783
"username97@kenzan.com",669128479759,"password97",55e671df-316a-4ae5-9b10-b445777a9c09
"username98@kenzan.com",429649814628,"password98",8e970783-eb86-4e93-abe2-67242ddecd15
"username99@kenzan.com",780511815254,"password99",015eb104-7c61-453b-a085-06f58f1175fb
